--4.4_iterpti_duomenis

INSERT INTO kagr0999.Vartotojas(Vardas, Pavarde, Gimimo_data, Telefono_numeris, El_pastas) VALUES ('Mantas', 'Kazlauskas', '1990-03-12', '+37061234567', 'mantas.k@example.com');
INSERT INTO kagr0999.Vartotojas(Vardas, Pavarde, Gimimo_data, Telefono_numeris, El_pastas) VALUES ('Ieva', 'Petrauskaitė', '2002-07-25', '+37069876543', 'ieva.p@example.com');
INSERT INTO kagr0999.Vartotojas(Vardas, Pavarde, Gimimo_data, Telefono_numeris, El_pastas) VALUES ('Tomas', 'Jankauskas', '1988-11-03', '+37061122334', 'tomas.j@example.com');
INSERT INTO kagr0999.Vartotojas(Vardas, Pavarde, Gimimo_data, Telefono_numeris, El_pastas) VALUES ('Eglė', 'Vaitkutė', '1992-02-17', '+37065511223', 'egle.v@example.com');
INSERT INTO kagr0999.Vartotojas(Vardas, Pavarde, Gimimo_data, Telefono_numeris, El_pastas) VALUES ('Lukas', 'Stankevičius', '1985-06-30', '+37062345678', 'lukas.s@example.com');
INSERT INTO kagr0999.Vartotojas(Vardas, Pavarde, Gimimo_data, Telefono_numeris, El_pastas) VALUES ('Justina', 'Žukauskaitė', '1998-09-12', '+37067788990', 'justina.z@example.com');
INSERT INTO kagr0999.Vartotojas(Vardas, Pavarde, Gimimo_data, Telefono_numeris, El_pastas) VALUES ('Dainius', 'Čepaitis', '1979-04-08', '+37069933445', 'dainius.c@example.com');
INSERT INTO kagr0999.Vartotojas(Vardas, Pavarde, Gimimo_data, Telefono_numeris, El_pastas) VALUES ('Simona', 'Balčiūnaitė', '1993-12-21', '+37061299887', 'simona.b@example.com');
INSERT INTO kagr0999.Vartotojas(Vardas, Pavarde, Gimimo_data, Telefono_numeris, El_pastas) VALUES ('Karolis', 'Grigaliūnas', '2000-01-29', '+37064455667', 'karolis.g@example.com');
INSERT INTO kagr0999.Vartotojas(Vardas, Pavarde, Gimimo_data, Telefono_numeris, El_pastas) VALUES ('Monika', 'Venckutė', '1987-08-16', '+37060011223', 'monika.v@example.com');


INSERT INTO kagr0999.Automobilis VALUES ('SCFSMGAW9KGL12345', 'Aston Martin', 'Vantage', 2019, 'Benzinas', 300);
INSERT INTO kagr0999.Automobilis VALUES ('WBA8E9C50GG987654', 'BMW', 'X5', 2018, 'Dyzelinas', 130);
INSERT INTO kagr0999.Automobilis VALUES ('WAUZZZ8V9KA123456', 'Audi', 'A6', 2019, 'Dyzelinas', 95);
INSERT INTO kagr0999.Automobilis VALUES ('WDD2130061N987654', 'Mercedes', 'E220d', 2021, 'Dyzelinas', 90);
INSERT INTO kagr0999.Automobilis VALUES ('WAUZZZ4G7LA654321', 'Audi', 'Q5', 2020, 'Benzinas', 105);
INSERT INTO kagr0999.Automobilis VALUES ('WDD2050021F789123', 'Mercedes', 'C300', 2018, 'Benzinas', 90);
INSERT INTO kagr0999.Automobilis VALUES ('WP0ZZZ99ZJS123456', 'Porsche', '911 Carrera', 2018, 'Benzinas', 250);
INSERT INTO kagr0999.Automobilis VALUES ('WP0ZZZ98ZMS987654', 'Porsche', 'Panamera', 2020, 'Benzinas', 225);
INSERT INTO kagr0999.Automobilis VALUES ('SCFRMFAW4JGL65432', 'Aston Martin', 'DB11', 2017, 'Benzinas', 300);
INSERT INTO kagr0999.Automobilis VALUES ('WBA7E6C53JGH11223', 'BMW', '7 Series', 2020, 'Dyzelinas', 110);
INSERT INTO kagr0999.Automobilis VALUES ('WAUZZZ8K6LA000321', 'Audi', 'A5', 2021, 'Benzinas', 85);
INSERT INTO kagr0999.Automobilis VALUES ('WBA5A7C59ED654321', 'BMW', '530i', 2019, 'Benzinas', 65);


INSERT INTO kagr0999.Nuoma(Vartotojo_ID, Automobilio_VIN, Miestas, Kaina, Nuomos_pradzia, Nuomos_pabaiga) VALUES (7, 'WDD2050021F789123', 'Vilnius', 180, '2025-05-27', '2025-06-03');
INSERT INTO kagr0999.Nuoma(Vartotojo_ID, Automobilio_VIN, Miestas, Kaina, Nuomos_pradzia, Nuomos_pabaiga) VALUES (4, 'WP0ZZZ99ZJS123456', 'Vilnius', 500, '2025-05-28', '2025-06-03');
INSERT INTO kagr0999.Nuoma(Vartotojo_ID, Automobilio_VIN, Miestas, Kaina, Nuomos_pradzia, Nuomos_pabaiga) VALUES (2, 'SCFSMGAW9KGL12345', 'Kaunas', 300, '2025-05-26', '2025-06-02');
INSERT INTO kagr0999.Nuoma(Vartotojo_ID, Automobilio_VIN, Miestas, Kaina, Nuomos_pradzia, Nuomos_pabaiga) VALUES (1, 'WP0ZZZ98ZMS987654', 'Vilnius', 225, '2025-05-27', '2025-06-02');
INSERT INTO kagr0999.Nuoma(Vartotojo_ID, Automobilio_VIN, Miestas, Kaina, Nuomos_pradzia, Nuomos_pabaiga) VALUES (6, 'WDD2050021F789123', 'Vilnius', 180, '2025-04-01', '2025-04-03');
INSERT INTO kagr0999.Nuoma(Vartotojo_ID, Automobilio_VIN, Miestas, Kaina, Nuomos_pradzia, Nuomos_pabaiga) VALUES (2, 'WP0ZZZ99ZJS123456', 'Vilnius', 500, '2025-04-01', '2025-04-03');
INSERT INTO kagr0999.Nuoma(Vartotojo_ID, Automobilio_VIN, Miestas, Kaina, Nuomos_pradzia, Nuomos_pabaiga) VALUES (9, 'SCFSMGAW9KGL12345', 'Kaunas', 300, '2025-04-01', '2025-04-02');
INSERT INTO kagr0999.Nuoma(Vartotojo_ID, Automobilio_VIN, Miestas, Kaina, Nuomos_pradzia, Nuomos_pabaiga) VALUES (4, 'WP0ZZZ98ZMS987654', 'Vilnius', 225, '2025-04-01', '2025-04-02');
INSERT INTO kagr0999.Nuoma(Vartotojo_ID, Automobilio_VIN, Miestas, Kaina, Nuomos_pradzia, Nuomos_pabaiga) VALUES (1, 'WAUZZZ4G7LA654321', 'Vilnius', 210, '2025-04-01', '2025-04-03');
INSERT INTO kagr0999.Nuoma(Vartotojo_ID, Automobilio_VIN, Miestas, Kaina, Nuomos_pradzia, Nuomos_pabaiga) VALUES (10, 'WBA5A7C59ED654321', 'Kaunas', 260, '2025-04-01', '2025-04-05');
INSERT INTO kagr0999.Nuoma(Vartotojo_ID, Automobilio_VIN, Miestas, Kaina, Nuomos_pradzia, Nuomos_pabaiga) VALUES (2, 'WDD2050021F789123', 'Kaunas', 90, '2025-04-10', '2025-04-12');
INSERT INTO kagr0999.Nuoma(Vartotojo_ID, Automobilio_VIN, Miestas, Kaina, Nuomos_pradzia, Nuomos_pabaiga) VALUES (5, 'WDD2130061N987654', 'Kaunas', 90, '2025-04-08', '2025-04-010');
INSERT INTO kagr0999.Nuoma(Vartotojo_ID, Automobilio_VIN, Miestas, Kaina, Nuomos_pradzia, Nuomos_pabaiga) VALUES (9, 'WP0ZZZ98ZMS987654', 'Kaunas', 450, '2025-04-02', '2025-04-05');
INSERT INTO kagr0999.Nuoma(Vartotojo_ID, Automobilio_VIN, Miestas, Kaina, Nuomos_pradzia, Nuomos_pabaiga) VALUES (6, 'SCFRMFAW4JGL65432', 'Vilnius', 600, '2025-03-24', '2025-03-27');
INSERT INTO kagr0999.Nuoma(Vartotojo_ID, Automobilio_VIN, Miestas, Kaina, Nuomos_pradzia, Nuomos_pabaiga) VALUES (3, 'WAUZZZ8V9KA123456', 'Vilnius', 380, '2025-03-12', '2025-03-17');
INSERT INTO kagr0999.Nuoma(Vartotojo_ID, Automobilio_VIN, Miestas, Kaina, Nuomos_pradzia, Nuomos_pabaiga) VALUES (1, 'WBA8E9C50GG987654', 'Kaunas', 390, '2025-03-11', '2025-03-15');
INSERT INTO kagr0999.Nuoma(Vartotojo_ID, Automobilio_VIN, Miestas, Kaina, Nuomos_pradzia, Nuomos_pabaiga) VALUES (7, 'WAUZZZ4G7LA654321', 'Vilnius', 210, '2022-04-01', '2022-04-03');
INSERT INTO kagr0999.Nuoma(Vartotojo_ID, Automobilio_VIN, Miestas, Kaina, Nuomos_pradzia, Nuomos_pabaiga) VALUES (9, 'WBA5A7C59ED654321', 'Kaunas', 260, '2022-04-01', '2022-04-05');


INSERT INTO kagr0999.Megstamas_automobilis VALUES (1, 'WBA8E9C50GG987654', '2025-03-15', 4);
INSERT INTO kagr0999.Megstamas_automobilis VALUES (4, 'WP0ZZZ98ZMS987654', '2025-03-20', 5);
INSERT INTO kagr0999.Megstamas_automobilis VALUES (1, 'WAUZZZ4G7LA654321', '2025-03-28', 3);
INSERT INTO kagr0999.Megstamas_automobilis VALUES (6, 'WDD2050021F789123', '2025-04-01', 5);
INSERT INTO kagr0999.Megstamas_automobilis VALUES (9, 'SCFSMGAW9KGL12345', '2025-04-05', 4);
INSERT INTO kagr0999.Megstamas_automobilis VALUES (3, 'WAUZZZ8V9KA123456', '2025-04-21', 5);
INSERT INTO kagr0999.Megstamas_automobilis VALUES (5, 'WBA8E9C50GG987654', '2025-05-15', 4);
INSERT INTO kagr0999.Megstamas_automobilis VALUES (3, 'WBA8E9C50GG987654', '2025-05-16', 5);
INSERT INTO kagr0999.Megstamas_automobilis VALUES (2, 'WAUZZZ4G7LA654321', '2025-03-28', 4);
INSERT INTO kagr0999.Megstamas_automobilis VALUES (6, 'WAUZZZ4G7LA654321', '2025-03-28', 3);
INSERT INTO kagr0999.Megstamas_automobilis VALUES (4, 'WAUZZZ8V9KA123456', '2025-04-21', 5);


INSERT INTO kagr0999.Diagnostika(Automobilio_VIN, Diagnostikos_data, Tipas, Kaina) VALUES ('SCFSMGAW9KGL12345', '2025-04-20', 'Techninė apžiūra', 25);
INSERT INTO kagr0999.Diagnostika(Automobilio_VIN, Diagnostikos_data, Tipas, Kaina) VALUES ('WBA8E9C50GG987654', '2025-04-14', 'Techninė apžiūra', 25);
INSERT INTO kagr0999.Diagnostika(Automobilio_VIN, Diagnostikos_data, Tipas, Kaina) VALUES ('WAUZZZ8V9KA123456', '2025-04-14', 'Techninė apžiūra', 25);
INSERT INTO kagr0999.Diagnostika(Automobilio_VIN, Diagnostikos_data, Tipas, Kaina) VALUES ('WAUZZZ8V9KA123456', '2025-04-13', 'Remontas', 420);
INSERT INTO kagr0999.Diagnostika(Automobilio_VIN, Diagnostikos_data, Tipas, Kaina) VALUES ('WDD2130061N987654', '2025-04-05', 'Remontas', 310);
INSERT INTO kagr0999.Diagnostika(Automobilio_VIN, Diagnostikos_data, Tipas, Kaina) VALUES ('WDD2130061N987654', '2025-04-01', 'Techninė apžiūra', 25);
INSERT INTO kagr0999.Diagnostika(Automobilio_VIN, Diagnostikos_data, Tipas, Kaina) VALUES ('WAUZZZ4G7LA654321', '2025-03-28', 'Techninė apžiūra', 25);
INSERT INTO kagr0999.Diagnostika(Automobilio_VIN, Diagnostikos_data, Tipas, Kaina) VALUES ('WDD2050021F789123', '2025-03-25', 'Techninė apžiūra', 25);
INSERT INTO kagr0999.Diagnostika(Automobilio_VIN, Diagnostikos_data, Tipas, Kaina) VALUES ('WBA7E6C53JGH11223', '2025-03-20', 'Techninė apžiūra', 25);
INSERT INTO kagr0999.Diagnostika(Automobilio_VIN, Diagnostikos_data, Tipas, Kaina) VALUES ('WAUZZZ8K6LA000321', '2025-03-17', 'Techninė apžiūra', 25);
INSERT INTO kagr0999.Diagnostika(Automobilio_VIN, Diagnostikos_data, Tipas, Kaina) VALUES ('WBA5A7C59ED654321', '2025-03-16', 'Techninė apžiūra', 25);
INSERT INTO kagr0999.Diagnostika(Automobilio_VIN, Diagnostikos_data, Tipas, Kaina) VALUES ('WBA8E9C50GG987654', '2025-03-14', 'Remontas', 350);
INSERT INTO kagr0999.Diagnostika(Automobilio_VIN, Diagnostikos_data, Tipas, Kaina) VALUES ('SCFRMFAW4JGL65432', '2025-03-14', 'Remontas', 220);
INSERT INTO kagr0999.Diagnostika(Automobilio_VIN, Diagnostikos_data, Tipas, Kaina) VALUES ('WBA7E6C53JGH11223', '2025-02-27', 'Remontas', 500);
INSERT INTO kagr0999.Diagnostika(Automobilio_VIN, Diagnostikos_data, Tipas, Kaina) VALUES ('WP0ZZZ99ZJS123456', '2025-02-24', 'Techninė apžiūra', 25);
INSERT INTO kagr0999.Diagnostika(Automobilio_VIN, Diagnostikos_data, Tipas, Kaina) VALUES ('WP0ZZZ98ZMS987654', '2025-02-12', 'Techninė apžiūra', 25);
INSERT INTO kagr0999.Diagnostika(Automobilio_VIN, Diagnostikos_data, Tipas, Kaina) VALUES ('SCFRMFAW4JGL65432', '2025-02-05', 'Techninė apžiūra', 25);
INSERT INTO kagr0999.Diagnostika(Automobilio_VIN, Diagnostikos_data, Tipas, Kaina) VALUES ('WAUZZZ4G7LA654321', '2025-05-14', 'Remontas', 675.54);